City_ID,City,Lat,Lng,Max Temp,Humidity,Cloudiness,Wind Speed,Country,Date
0,sur,22.5667,59.5289,38.65,31,86,0.72,OM,1722144766
1,revda,56.801,59.9303,10.87,91,100,5.48,RU,1722144778
2,ugine,45.7508,6.4161,19.82,92,65,0.72,FR,1722144792
3,dunedin,-45.8742,170.5036,9.33,89,99,0.45,NZ,1722144804
4,port-aux-francais,-49.35,70.2167,2.13,86,100,15.82,TF,1722144833
5,san antonio de pale,-1.4014,5.6325,22.87,84,70,6.96,GQ,1722144882
6,waitangi,-43.9535,-176.5597,11.01,89,28,2.24,NZ,1722144921
7,qaqortoq,60.7167,-46.0333,3.59,92,99,2.03,GL,1722144933
8,isafjordur,66.0755,-23.124,8.06,81,100,3.55,IS,1722144946
9,adamstown,-25.066,-130.1015,20.69,83,94,5.57,PN,1722144980
10,namibe,-15.1961,12.1522,15.19,85,1,1.32,AO,1722145046
11,buka,40.8108,69.1986,37.12,12,0,2.06,UZ,1722145050
12,ilhabela,-23.7781,-45.3581,19.92,65,61,1.99,BR,1722145051
13,la'ie,21.6477,-157.9253,25.0,83,66,4.02,US,1722145054
14,bethel,41.3712,-73.414,19.72,85,0,1.54,US,1722145055
15,queenstown,-31.8976,26.8753,7.9,53,48,10.87,ZA,1722145061
16,grytviken,-54.2811,-36.5092,0.98,98,98,3.59,GS,1722145062
17,ribeira grande,38.5167,-28.7,23.76,91,0,0.45,PT,1722145063
18,talnakh,69.4865,88.3972,25.14,37,24,7.05,RU,1722145064
19,ushuaia,-54.8,-68.3,-5.19,93,100,3.6,AR,1722145064
20,juneau,58.3019,-134.4197,13.01,98,100,3.6,US,1722145064
21,severo-yeniseyskiy,60.3725,93.0408,27.6,38,8,2.94,RU,1722145065
22,edinburgh of the seven seas,-37.0676,-12.3116,14.39,80,99,7.88,SH,1722145065
23,zhangye,38.9342,100.4517,33.28,16,98,5.91,CN,1722145065
24,vorgashor,67.5833,63.95,20.41,51,88,6.14,RU,1722145066
25,enewetak,11.3474,162.3373,26.79,87,100,8.7,MH,1722145066
26,north bend,43.4065,-124.2243,15.65,88,100,1.54,US,1722145067
27,puerto natales,-51.7236,-72.4875,-0.55,76,100,8.79,CL,1722145129
28,luderitz,-26.6481,15.1594,12.03,80,20,7.06,NA,1722145133
29,anadyr,64.75,177.4833,9.28,66,40,3.0,RU,1722145134
30,pasni,25.2631,63.471,28.74,82,45,3.98,PK,1722145134
31,bilibino,68.0546,166.4372,12.3,59,98,4.98,RU,1722145135
32,fort bragg,35.139,-79.006,21.91,92,0,0.0,US,1722145135
33,tiksi,71.6872,128.8694,5.39,82,100,2.98,RU,1722145135
34,port lincoln,-34.7333,135.8667,12.87,52,90,2.02,AU,1722145136
35,izhevsk,56.85,53.2333,12.29,94,99,1.79,RU,1722145137
36,st. john's,47.5649,-52.7093,14.88,90,40,7.72,CA,1722145139
37,buala,-8.145,159.5921,27.21,82,59,3.77,SB,1722145140
38,necochea,-38.5473,-58.7368,3.74,65,0,4.03,AR,1722145143
39,gaspe,48.8334,-64.4819,16.95,82,40,0.0,CA,1722145143
40,moose jaw,50.4001,-105.5344,13.14,76,12,3.09,CA,1722145144
41,georgetown,5.4112,100.3354,33.97,46,20,8.23,MY,1722145144
42,port elizabeth,-33.918,25.5701,9.62,72,20,9.26,ZA,1722145145
43,brookings,44.3114,-96.7984,24.54,86,0,7.2,US,1722145145
44,byndoor,13.8667,74.6333,27.17,84,100,6.52,IN,1722145145
45,canutama,-6.5339,-64.3831,21.76,50,7,0.95,BR,1722145146
46,gamboma,-1.8764,15.8644,24.74,52,90,2.73,CG,1722145148
47,chonchi,-42.6128,-73.8092,0.56,85,29,1.16,CL,1722145148
48,callao,-12.0667,-77.15,16.51,82,100,4.12,PE,1722145148
49,ad dilam,23.9915,47.1627,36.23,9,10,3.86,SA,1722145149
50,jaicos,-7.3592,-41.1378,21.42,60,21,3.32,BR,1722145149
51,margaret river,-33.95,115.0667,12.93,91,84,8.05,AU,1722145150
52,ulaangom,49.9811,92.0667,30.93,28,71,4.55,MN,1722145150
53,utrik,11.2278,169.8474,28.08,80,100,5.31,MH,1722145151
54,hawaiian paradise park,19.5933,-154.9731,23.74,86,19,1.84,US,1722145151
55,iqaluit,63.7506,-68.5145,6.85,75,75,1.03,CA,1722145152
56,bredasdorp,-34.5322,20.0403,7.94,78,100,8.09,ZA,1722145152
57,saipan,15.1355,145.701,32.39,70,0,5.66,MP,1722145152
58,kodiak,57.79,-152.4072,12.73,88,100,1.54,US,1722145153
59,coahuayana de hidalgo,18.7,-103.6583,25.21,90,2,1.56,MX,1722145153
60,nuuk,64.1835,-51.7216,3.34,100,100,2.57,GL,1722145153
61,alofi,-19.0595,-169.9187,21.94,73,40,6.17,NU,1722145154
62,isla mujeres,21.2311,-86.731,29.03,84,87,5.98,MX,1722145154
63,kulhudhuffushi,6.6221,73.07,28.78,81,100,6.7,MV,1722145155
64,kerman,30.2832,57.0788,34.92,14,0,2.06,IR,1722145156
65,tindouf,27.6711,-8.1474,21.25,68,0,7.2,DZ,1722145156
66,taltal,-25.4,-70.4833,13.68,78,57,0.6,CL,1722145157
67,invercargill,-46.4,168.35,10.01,94,99,1.01,NZ,1722145157
68,ola,59.5833,151.2833,15.54,59,77,5.99,RU,1722145158
69,undurkhaan,47.3194,110.6556,24.8,54,6,1.38,MN,1722145158
70,port douglas,-16.4833,145.4667,23.05,79,99,4.68,AU,1722145159
71,winkler,49.1817,-97.941,24.12,83,79,2.06,CA,1722145159
72,namtsy,62.7161,129.6658,27.69,26,34,0.48,RU,1722145160
73,fale old settlement,-9.3852,-171.2468,28.06,71,85,4.23,TK,1722145161
74,peringat,6.0333,102.2833,32.97,66,20,2.57,MY,1722145161
75,atafu village,-8.5421,-172.5159,28.09,68,96,2.72,TK,1722145162
76,forster,-32.1667,152.5167,15.16,35,0,8.21,AU,1722145162
77,ilulissat,69.2167,-51.1,5.01,87,47,6.17,GL,1722145163
78,kidal,18.4411,1.4078,30.62,52,96,4.95,ML,1722145163
79,huntingdon,52.3305,-0.1865,13.25,92,2,0.86,GB,1722145163
80,westport,41.1415,-73.3579,21.42,82,0,0.89,US,1722145164
81,wotho,10.1657,166.0102,27.0,83,100,6.28,MH,1722145164
82,morehead city,34.7229,-76.726,23.88,86,0,3.6,US,1722145165
83,coquimbo,-29.9533,-71.3436,9.85,100,20,0.51,CL,1722145166
84,tyukhtet,56.5389,89.3011,29.97,52,64,1.95,RU,1722145167
85,thompson,55.7435,-97.8558,15.09,100,100,1.54,CA,1722145167
86,lerwick,60.1545,-1.1494,13.0,83,98,3.89,GB,1722145168
87,pangody,65.85,74.4859,25.08,56,85,9.7,RU,1722145169
88,ust-nera,64.5667,143.2,21.55,34,66,1.21,RU,1722145169
89,amga,60.8953,131.9608,25.78,34,87,3.59,RU,1722145170
90,hasaki,35.7333,140.8333,35.22,74,91,2.97,JP,1722145171
91,blackmans bay,-43.0167,147.3167,7.63,73,86,0.45,AU,1722145171
92,puerto aysen,-45.4,-72.7,1.12,97,97,2.75,CL,1722145171
93,west island,-12.1568,96.8225,28.99,79,75,10.8,CC,1722145172
94,fisterra,42.9049,-9.2629,19.45,88,61,5.3,ES,1722145173
95,klyuchi,52.2667,79.1667,25.57,54,100,1.39,RU,1722145175
96,wynyard,-41.0,145.7167,8.62,54,98,5.83,AU,1722145186
97,albertville,34.2676,-86.2089,24.25,93,100,2.7,US,1722145187
98,san andres,12.5847,-81.7006,28.01,83,20,4.12,CO,1722145187
99,rikaze,29.25,88.8833,20.6,40,84,1.92,CN,1722145187
100,palanga,55.9175,21.0686,17.01,94,0,0.51,LT,1722145188
101,chibougamau,49.9168,-74.3659,17.79,77,0,2.57,CA,1722145188
102,konarka,19.9,86.1167,30.22,68,95,5.48,IN,1722145189
103,pingliang,35.5392,106.6861,25.96,53,100,1.4,CN,1722145189
104,yangliuqing,39.1375,116.9997,34.97,45,30,2.89,CN,1722145189
105,pokrovsk,48.282,37.1758,28.69,20,23,1.58,UA,1722145190
106,khash,28.2211,61.2158,36.76,11,77,1.61,IR,1722145190
107,kruisfontein,-34.0033,24.7314,7.16,65,59,9.25,ZA,1722145190
108,sena madureira,-9.0656,-68.6569,23.7,52,5,1.28,BR,1722145191
109,longyearbyen,78.2186,15.6401,9.91,87,100,2.06,SJ,1722145191
110,sola,-13.8833,167.55,25.31,69,43,9.72,VU,1722145191
111,al jawf,29.5,38.75,30.97,34,11,5.68,SA,1722145192
112,la ronge,55.1001,-105.2842,17.14,82,40,4.12,CA,1722145192
113,penonome,8.5167,-80.3667,25.0,95,100,0.45,PA,1722145193
114,crane,31.3974,-102.3501,26.84,54,4,9.54,US,1722145193
115,morant bay,17.8815,-76.4093,29.79,90,60,4.23,JM,1722145193
116,ponta delgada,37.7333,-25.6667,21.4,83,20,2.57,PT,1722145194
117,puerto ayora,-0.7393,-90.3518,19.75,92,62,2.24,EC,1722145194
118,yamada,39.4667,141.95,26.24,85,100,1.91,JP,1722145194
119,iskateley,67.6803,53.1512,13.05,76,100,6.08,RU,1722145195
120,inari,68.906,27.0288,18.31,72,60,2.51,FI,1722145198
121,kingston,17.997,-76.7936,29.53,74,20,4.12,JM,1722145200
122,yellowknife,62.456,-114.3525,18.01,70,20,2.57,CA,1722145200
123,albany,42.6001,-73.9662,18.29,90,1,1.64,US,1722145209
124,belyy yar,53.6039,91.3903,27.94,51,0,1.0,RU,1722145210
125,nizhniy odes,63.6445,54.856,14.59,83,100,3.52,RU,1722145211
126,ciudad lazaro cardenas,17.9583,-102.2,26.46,86,20,1.49,MX,1722145212
127,preobrazheniye,42.9019,133.9064,24.32,92,100,3.99,RU,1722145212
128,tonghae,37.5439,129.1069,33.18,52,100,4.74,KR,1722145212
129,peskovka,59.0448,52.3606,10.06,95,100,4.09,RU,1722145213
130,port alfred,-33.5906,26.891,8.99,80,86,2.68,ZA,1722145213
131,constantia,44.1833,28.65,28.17,45,0,0.85,RO,1722145213
132,monchegorsk,67.9397,32.8739,17.1,47,20,3.16,RU,1722145298
133,kyzyl-mazhalyk,51.1333,90.6,29.94,31,10,1.31,RU,1722145305
134,wailua homesteads,22.0669,-159.378,24.44,80,100,7.2,US,1722145305
135,strezhevoy,60.7333,77.5889,23.13,50,82,2.21,RU,1722145306
136,lompoc,34.6391,-120.4579,14.45,87,100,5.81,US,1722145307
137,pierre,44.3683,-100.351,28.51,55,40,3.09,US,1722145308
138,balqash,46.8481,74.995,31.33,20,0,5.0,KZ,1722145317
139,bagnan,22.9242,88.14,27.94,56,85,4.93,IN,1722145319
140,sternberk,49.7304,17.2989,23.7,72,100,1.59,CZ,1722145320
141,pacific grove,36.6177,-121.9166,15.24,85,100,4.63,US,1722145165
142,grand falls-windsor,48.9332,-55.6649,11.39,87,100,3.08,CA,1722145329
143,mitu,1.1983,-70.1733,22.28,98,97,0.81,CO,1722145330
144,altamira,-3.2033,-52.2064,22.08,64,47,1.17,BR,1722145330
145,remire-montjoly,4.9167,-52.2667,25.02,94,0,0.51,GF,1722145330
146,lerdo de tejada,18.6167,-95.5167,25.16,90,100,2.62,MX,1722145331
147,papatowai,-46.5619,169.4708,9.28,95,100,1.15,NZ,1722145331
148,tarauaca,-8.1614,-70.7656,23.67,67,22,0.95,BR,1722145331
149,chahuites,16.2833,-94.1833,26.49,83,99,1.74,MX,1722145332
150,labrador city,52.9463,-66.9114,17.88,86,100,6.26,CA,1722145332
151,carutapera,-1.195,-46.02,24.76,81,9,3.51,BR,1722145332
152,mikun',62.3547,50.0771,16.53,64,98,3.7,RU,1722145333
153,avarua,-21.2078,-159.775,25.03,78,75,9.77,CK,1722145333
154,olonkinbyen,70.9221,-8.7187,4.65,99,100,4.06,SJ,1722145333
155,askino,56.0901,56.5783,13.65,74,100,6.35,RU,1722145334
156,amos,48.5669,-78.1162,17.31,79,100,3.38,CA,1722145334
157,jiaojiang,28.6803,121.4428,30.56,74,1,6.79,CN,1722145335
158,tazovsky,67.4667,78.7,18.9,47,11,6.41,RU,1722145335
159,college,64.8569,-147.8028,12.18,90,100,5.14,US,1722145310
160,pemangkat,1.1667,108.9667,29.23,71,36,6.71,ID,1722145337
161,stanley,54.868,-1.6985,10.71,94,6,1.63,GB,1722145337
162,charters towers,-20.1,146.2667,21.09,53,97,5.3,AU,1722145337
163,malango,-2.9627,119.9001,25.28,81,67,1.97,ID,1722145340
164,codrington,-38.2667,141.9667,10.55,63,68,6.13,AU,1722145340
165,hithadhoo,-0.6,73.0833,28.67,75,37,3.07,MV,1722145342
166,lebu,-37.6167,-73.65,5.6,75,86,7.19,CL,1722145342
167,bangolo,7.0069,-7.475,21.76,99,100,0.78,CI,1722145343
168,santyoku,37.4406,129.1708,32.84,55,100,2.9,KR,1722145345
169,chickasha,35.0526,-97.9364,26.17,73,0,0.0,US,1722145350
170,nema,57.5067,50.5011,17.85,47,77,5.9,RU,1722145350
171,toropets,56.4978,31.6353,19.35,82,73,2.71,RU,1722145351
172,xinmin,41.9908,122.8253,25.01,96,100,3.41,CN,1722145351
173,arauca,7.0847,-70.7591,23.0,100,82,1.54,CO,1722145352
174,lowestoft,52.4752,1.7516,14.57,85,4,1.34,GB,1722145352
175,minas de marcona,-15.2119,-75.1103,9.43,91,74,5.29,PE,1722145353
176,kailua-kona,19.6406,-155.9956,23.11,97,29,1.75,US,1722145089
177,vorkuta,67.5,64.0,20.55,51,91,6.49,RU,1722145353
178,hamilton,39.1834,-84.5333,21.16,79,0,0.0,US,1722145354
179,holualoa,19.6228,-155.9522,21.04,97,34,1.69,US,1722145083
180,san patricio,28.017,-97.5169,28.27,88,87,2.69,US,1722145354
181,beyneu,45.3167,55.2,26.35,24,61,3.46,KZ,1722145355
182,weno,7.4515,151.8468,28.19,77,90,3.18,FM,1722145355
183,tolanaro,-25.0319,46.9987,19.04,88,20,2.06,MG,1722145356
184,turkmenbasy,40.0222,52.9552,30.43,30,0,5.14,TM,1722145356
185,hami,42.8,93.45,38.76,11,74,2.88,CN,1722145356
186,crete,35.1558,24.895,23.0,49,0,4.13,GR,1722145357
187,padang,-0.9492,100.3543,32.03,62,58,3.85,ID,1722145357
188,road town,18.4167,-64.6167,27.08,76,65,6.0,VG,1722145357
189,cadale,2.7603,46.3222,25.79,77,57,7.26,SO,1722145358
190,bikenibeu village,1.3673,173.1241,29.98,74,20,4.12,KI,1722145362
191,korla,41.7597,86.1469,37.01,15,0,2.91,CN,1722145372
192,whitehorse,60.7161,-135.0538,16.43,44,75,6.69,CA,1722145328
193,illizi,26.4833,8.4667,38.89,30,1,6.23,DZ,1722145373
194,oryahovo,43.7333,23.9667,26.11,39,0,2.89,BG,1722145374
195,hermanus,-34.4187,19.2345,7.11,70,99,11.83,ZA,1722145374
196,geraldton,-28.7667,114.6,21.23,68,20,8.75,AU,1722145374
197,puerto gaitan,4.3133,-72.0816,24.59,82,84,1.43,CO,1722145375
198,flying fish cove,-10.4217,105.6791,26.82,78,100,6.69,CX,1722145375
199,petauke,-14.2426,31.3253,18.99,21,0,2.42,ZM,1722145375
200,veraval,20.9,70.3667,27.98,88,100,6.84,IN,1722145376
201,susuman,62.7833,148.1667,17.86,37,98,1.52,RU,1722145376
202,gadzhiyevo,69.2551,33.3362,17.69,59,67,4.78,RU,1722145377
203,adrar,20.5022,-10.0711,31.63,15,1,4.26,MR,1722145377
204,zabol,32.25,67.25,33.45,20,0,3.18,AF,1722145377
205,sitka,57.0531,-135.33,13.94,88,100,2.06,US,1722145378
206,uturoa,-16.7333,-151.4333,26.69,83,7,6.83,PF,1722145378
207,ibusuki,31.2333,130.65,33.39,74,59,4.46,JP,1722145378
208,badiyah,22.45,58.8,39.1,21,79,1.23,OM,1722145379
209,fredrikstad,59.2181,10.9298,16.27,82,73,4.12,NO,1722145379
210,turpan,42.9333,89.1667,43.84,11,3,1.33,CN,1722145379
211,san luis,-33.295,-66.3356,7.02,64,79,9.41,AR,1722145380
212,elliot lake,46.3834,-82.6331,14.02,96,10,0.44,CA,1722145380
213,mawu,34.4307,104.9176,16.61,66,100,2.23,CN,1722145380
214,zambezi,-13.5432,23.1047,15.39,23,0,1.87,ZM,1722145381
215,urucara,-2.5364,-57.76,23.93,74,53,0.93,BR,1722145381
216,usogorsk,63.4106,48.6872,14.77,74,100,3.79,RU,1722145381
217,patacamaya,-17.2333,-67.9167,4.33,92,9,3.46,BO,1722145382
218,ancud,-41.8697,-73.8203,2.68,76,11,1.85,CL,1722145383
219,envira,-7.3,-70.2167,24.04,65,32,0.93,BR,1722145383
220,city of balikpapan,-1.242,116.8942,29.97,84,40,3.09,ID,1722145383
221,baki,-7.6128,110.7839,33.06,43,10,5.36,ID,1722145384
222,rio grande,-32.035,-52.0986,13.3,95,79,4.93,BR,1722145384
223,aasiaat,68.7098,-52.8699,2.25,93,15,3.62,GL,1722145384
224,pyhajarvi,67.0701,27.2176,16.52,85,90,2.89,FI,1722145385
225,badger,64.8,-147.5333,12.14,90,100,5.14,US,1722145385
226,mejit,10.2753,170.8646,27.85,79,76,3.76,MH,1722145385
227,nadym,65.5333,72.5167,23.16,69,93,8.68,RU,1722145386
228,lamu,-2.2717,40.902,25.58,71,49,6.26,KE,1722145386
229,mont-dore,-22.2833,166.5833,21.99,67,46,3.99,NC,1722145386
230,ataq,14.5377,46.8319,29.15,48,53,2.53,YE,1722145387
231,shetpe,44.1667,52.1167,26.36,24,72,6.55,KZ,1722145387
232,pushkino,56.0172,37.8667,22.19,100,45,3.28,RU,1722145387
233,walvis bay,-22.9575,14.5053,10.61,93,75,3.6,NA,1722145388
234,ghanzi,-21.5667,21.7833,8.93,16,0,3.76,BW,1722145388
235,vedaraniyam,10.3667,79.85,31.69,58,58,6.5,IN,1722145388
236,udachny,66.4167,112.4,22.92,48,100,2.61,RU,1722145389
237,saint johnsbury,44.4192,-72.0151,16.16,94,0,0.0,US,1722145389
238,lazaro cardenas,17.9583,-102.2,26.46,86,20,1.49,MX,1722145389
239,kapa'a,22.0752,-159.319,25.18,77,100,7.2,US,1722145390
240,sittwe,20.15,92.9,26.66,93,100,10.03,MM,1722145390
241,bastrop,32.7562,-91.8724,25.46,94,100,0.0,US,1722145390
242,ungsang-nodongjagu,42.3578,130.4622,20.64,98,100,1.33,KP,1722145391
243,ondjiva,-17.0667,15.7333,9.02,12,0,0.0,AO,1722145391
244,east glenville,42.8945,-73.9279,19.18,88,0,1.34,US,1722145392
245,gizo,-8.103,156.8419,27.42,79,80,6.94,SB,1722145392
246,reitz,-27.8014,28.4273,5.08,26,1,4.05,ZA,1722145392
247,amasra,41.7463,32.3863,20.03,65,0,1.55,TR,1722145393
248,kayangel,8.0823,134.7173,28.55,76,67,4.8,PW,1722145393
249,keflavik,64.0049,-22.5624,9.95,93,75,3.6,IS,1722145393
250,tralee,52.2704,-9.7026,10.11,94,56,1.45,IE,1722145405
251,dudinka,69.4058,86.1778,22.57,41,15,9.14,RU,1722145405
252,broken hill,-31.95,141.4333,11.55,37,0,5.82,AU,1722145409
253,gazli,40.1333,63.45,37.0,12,1,9.8,UZ,1722145409
254,marang,5.2056,103.2059,33.95,61,98,1.51,MY,1722145409
255,tazacorte,28.629,-17.9293,21.54,92,100,4.63,ES,1722145410
256,moab,38.5733,-109.5498,26.45,19,1,5.65,US,1722145410
257,carnarvon,-24.8667,113.6333,20.66,48,0,5.14,AU,1722145410
258,slave lake,55.2834,-114.769,15.99,88,0,1.03,CA,1722145411
259,puerto colombia,10.9878,-74.9547,28.05,83,100,2.64,CO,1722145411
260,rawah,34.4816,41.9093,34.83,20,0,9.01,IQ,1722145411
261,dalandzadgad,43.5708,104.425,31.43,19,56,3.33,MN,1722145412
262,umm kaddadah,13.6017,26.6876,25.63,70,98,6.04,SD,1722145412
263,oranjemund,-28.55,16.4333,12.32,75,82,5.16,NA,1722145412
264,cidreira,-30.1811,-50.2056,15.96,98,81,1.31,BR,1722145413
265,port macquarie,-31.4333,152.9167,17.72,26,18,3.13,AU,1722145404
266,margate,51.3813,1.3862,15.5,84,0,2.97,GB,1722145428
267,palm beach,26.6503,-80.4498,29.01,87,90,2.11,US,1722145428
268,kalmunai,7.4167,81.8167,34.79,45,100,3.72,LK,1722145428
269,nikel,69.4128,30.222,21.1,62,30,4.42,RU,1722145429
270,guerrero negro,27.9769,-114.0611,19.9,85,74,5.83,MX,1722145429
271,hilo,19.7297,-155.09,23.47,88,31,0.45,US,1722145429
272,erenhot,43.6475,111.9767,30.3,33,3,4.54,CN,1722145430
273,sunne,59.8376,13.143,15.18,85,95,1.85,SE,1722145430
274,piti village,13.4626,144.6933,31.49,73,20,3.09,GU,1722145430
275,newman,37.3138,-121.0208,19.58,71,0,2.24,US,1722145431
276,kismayo,-0.3582,42.5454,26.19,70,51,6.98,SO,1722145431
277,tabou,4.423,-7.3528,24.22,88,99,3.72,CI,1722145431
278,la punta,-33.1837,-66.3127,7.42,65,79,6.79,AR,1722145432
279,skeldon,5.8833,-57.1333,24.34,92,54,0.82,GY,1722145432
280,saint-pierre,-21.3393,55.4781,24.82,50,0,1.54,RE,1722145432
281,mata-utu,-13.2816,-176.1745,25.72,60,84,8.64,WF,1722145433
282,victorica,-36.2151,-65.4359,5.72,28,85,3.8,AR,1722145433
283,labytnangi,66.6572,66.4183,19.88,54,100,10.92,RU,1722145433
284,sarandi grande,-33.7333,-56.3333,5.78,75,12,3.94,UY,1722145434
285,port mathurin,-19.6833,63.4167,23.07,73,66,6.22,MU,1722145434
286,east liverpool,40.6187,-80.5773,20.05,98,0,1.43,US,1722145434
287,north perth,43.7251,-80.9672,15.53,91,9,2.05,CA,1722145440
288,talara,-4.5772,-81.2719,18.25,83,4,6.19,PE,1722145450
289,bocaiuva,-17.1078,-43.815,16.67,64,9,1.38,BR,1722145450
290,al hasaheisa,14.7526,33.2984,26.71,69,83,6.63,SD,1722145451
291,nagqu,31.5,92.0,12.48,53,79,6.36,CN,1722145451
292,douz,33.4663,9.0203,26.31,70,0,6.48,TN,1722145451
293,tabas,33.5959,56.9244,40.96,11,0,1.67,IR,1722145452
294,zhanaozen,43.3,52.8,27.03,28,12,7.44,KZ,1722145452
295,riosucio,5.4216,-75.7032,13.34,98,59,0.57,CO,1722145452
296,narsingdi,23.9208,90.7181,33.01,56,96,4.45,BD,1722145453
297,nova sintra,14.8667,-24.7167,26.53,83,73,5.26,CV,1722145453
298,darmanesti,46.3667,26.4833,21.1,51,0,1.66,RO,1722145453
299,midvagur,62.0511,-7.1939,11.46,100,100,3.09,FO,1722145454
300,asaita,11.5636,41.4394,29.11,56,81,5.07,ET,1722145454
301,port hedland,-20.3167,118.5667,28.03,15,6,3.09,AU,1722145455
302,plettenberg bay,-34.0527,23.3716,9.14,73,71,8.2,ZA,1722145455
303,arraial do cabo,-22.9661,-42.0278,21.61,87,99,5.48,BR,1722145455
304,mukalla,14.5425,49.1242,31.09,62,14,1.58,YE,1722145456
305,sisimiut,66.9395,-53.6735,3.52,90,52,2.28,GL,1722145456
306,mu'minobod,38.1085,70.0285,34.35,14,0,4.12,TJ,1722145456
307,vadso,70.0744,29.7487,21.49,73,60,2.57,NO,1722145457
308,nova xavantina,-14.6667,-52.35,19.32,42,0,1.19,BR,1722145457
309,punta arenas,-53.15,-70.9167,-1.94,86,40,9.26,CL,1722145457
310,tura,25.5198,90.2201,31.32,74,89,0.9,IN,1722145458
311,debre birhan,9.6833,39.5333,12.72,82,79,1.33,ET,1722145458
312,machico,32.7,-16.7667,23.73,79,40,2.57,PT,1722145459
313,chinde,26.8212,87.7095,30.36,74,100,2.23,NP,1722145459
314,sarankhola,22.3082,89.7897,32.3,70,75,3.13,BD,1722145459
315,mumford,5.2618,-0.759,23.4,91,91,5.66,GH,1722145460
316,yanchep,-31.55,115.6833,18.9,74,45,7.89,AU,1722145460
317,zhoukou,33.6333,114.6333,26.68,91,100,2.02,CN,1722145460
318,egilsstadir,65.2653,-14.3948,9.95,87,0,2.06,IS,1722145461
319,champerico,14.3,-91.9167,25.95,87,100,4.08,GT,1722145461
320,thunder bay,48.4001,-89.3168,20.99,94,40,2.06,CA,1722145461
321,dalbandin,28.8947,64.4101,41.41,13,69,1.25,PK,1722145462
322,tonya,40.8862,39.2924,18.39,75,61,2.04,TR,1722145462
323,dangriga,16.9692,-88.2321,27.23,86,100,6.69,BZ,1722145462
324,okha,53.5739,142.9478,17.38,82,100,4.93,RU,1722145463
325,salinopolis,-0.6136,-47.3561,26.38,76,12,5.24,BR,1722145480
326,maintirano,-18.0667,44.0167,23.61,65,0,3.8,MG,1722145480
327,apolinario saravia,-24.4328,-63.9954,19.64,57,97,3.07,AR,1722145480
328,tinajo,29.0788,-13.7081,21.49,78,20,3.09,ES,1722145481
329,kalemie,-5.9475,29.1947,23.37,40,35,1.61,CD,1722145481
330,howard springs,-12.497,131.047,31.1,63,78,3.4,AU,1722145482
331,kirensk,57.7853,108.1119,31.08,44,77,1.29,RU,1722145482
332,shitanjing,39.2342,106.3439,31.52,21,96,3.53,CN,1722145482
333,opuwo,-18.0607,13.84,13.36,13,1,1.84,NA,1722145483
334,matao,-21.6033,-48.3658,15.63,46,44,2.28,BR,1722145487
335,altai,46.3722,96.2583,23.09,29,26,4.07,MN,1722145488
336,pechory,57.8164,27.6119,19.7,61,81,1.89,RU,1722145488
337,al qubbah,32.7616,22.2424,23.66,60,0,3.25,LY,1722145493
338,okap,19.7578,-72.2042,28.18,78,100,3.18,HT,1722145497
339,caleta de carquin,-11.0925,-77.6267,16.07,85,44,3.41,PE,1722145498
340,hammerfest,70.6634,23.6821,21.25,64,0,2.06,NO,1722145499
341,kununurra,-15.7667,128.7333,28.99,51,100,4.63,AU,1722145499
342,stornoway,58.2093,-6.3865,12.98,88,100,2.06,GB,1722145499
343,shenkursk,62.1091,42.896,18.73,50,19,2.76,RU,1722145500
344,kill devil hills,36.0307,-75.676,24.43,79,40,3.09,US,1722145500
345,zavodoukovsk,56.5042,66.5515,13.35,89,96,5.2,RU,1722145500
346,laguna,38.421,-121.4238,18.3,79,0,4.63,US,1722145501
347,kigorobya,1.6162,31.3089,21.97,78,97,2.18,UG,1722145501
348,biltine,14.5333,20.9167,24.56,77,99,6.85,TD,1722145501
349,achikulak,44.5517,44.8378,27.96,32,98,2.97,RU,1722145502
350,ivolginsk,51.7492,107.2837,28.81,61,20,2.0,RU,1722145502
351,fuerte olimpo,-21.0415,-57.8738,25.6,33,46,1.9,PY,1722145503
352,tadine,-21.55,167.8833,19.83,69,49,4.27,NC,1722145504
353,howrah,22.5892,88.3103,28.0,94,100,2.06,IN,1722145504
354,hailin,44.5833,129.4167,24.92,93,100,5.31,CN,1722145504
355,gainesville,29.6516,-82.3248,24.41,69,0,0.0,US,1722145505
356,kosh-agach,50.0,88.6667,23.99,36,4,1.56,RU,1722145505
357,tongouson,5.0214,120.1328,29.03,73,92,5.61,PH,1722145506
358,ikwiriri,-7.9562,38.9716,24.81,65,8,1.14,TZ,1722145507
359,guadalupe y calvo,26.1,-106.9667,13.21,92,76,1.57,MX,1722145507
360,zimovniki,47.1483,42.4633,28.08,24,100,1.72,RU,1722145508
361,reguiba,33.5639,6.7033,27.03,74,0,5.66,DZ,1722145508
362,tual,-5.6667,132.75,25.54,88,60,6.5,ID,1722145508
363,dolzhanskaya,46.6311,37.8039,26.77,44,68,4.45,RU,1722145509
364,baniyas,35.1819,35.9487,28.16,58,0,2.03,SY,1722145509
365,paita,-5.0892,-81.1144,17.14,86,4,4.45,PE,1722145509
366,tsiombe,-25.3,45.4833,21.92,70,5,1.46,MG,1722145510
367,mount gambier,-37.8333,140.7667,10.38,62,56,2.74,AU,1722145510
368,smithers,54.7804,-127.1743,17.18,59,75,2.57,CA,1722145510
369,selebi-phikwe,-21.979,27.8498,14.93,12,0,2.21,BW,1722145511
370,port saint john's,-31.6229,29.5448,17.1,35,0,6.11,ZA,1722145511
371,lusambo,-4.9667,23.45,21.9,28,21,0.53,CD,1722145511
372,boyolangu,-8.1181,111.8935,31.06,65,68,5.49,ID,1722145512
373,rocky mountain house,52.3668,-114.9188,14.06,94,98,1.03,CA,1722145503
374,kanodar,24.1,72.3833,31.09,63,100,2.61,IN,1722145513
375,kamyshin,50.0983,45.416,26.66,29,0,4.12,RU,1722145513
376,yeniseysk,58.4497,92.1703,31.04,40,71,2.27,RU,1722145513
377,pandan,14.0453,124.1694,28.58,77,100,2.37,PH,1722145514
378,fort st. john,56.2499,-120.8529,18.94,59,75,5.66,CA,1722145514
379,boa vista,2.8197,-60.6733,25.99,89,75,1.54,BR,1722145514
380,langfang,39.5097,116.6947,36.29,46,34,2.32,CN,1722145515
381,homer,59.6425,-151.5483,14.94,58,0,3.09,US,1722145515
382,timbuktu,16.7735,-3.0074,31.99,53,93,7.3,ML,1722145515
383,shahr-e babak,30.1165,55.1186,36.09,8,6,5.65,IR,1722145516
384,great falls,47.5002,-111.3008,19.66,39,0,7.72,US,1722145516
385,tannum sands,-23.9504,151.3693,20.97,56,100,2.06,AU,1722145490
386,hirara,24.8,125.2833,31.92,79,75,5.66,JP,1722145517
387,qujing,25.4833,103.7833,23.36,75,100,1.68,CN,1722145517
388,oume,35.7839,139.2431,37.78,44,75,1.54,JP,1722145530
389,makungu,-8.7333,35.2833,18.65,39,21,1.88,TZ,1722145530
390,touros,-5.1989,-35.4608,23.49,92,76,4.72,BR,1722145532
391,naracoorte,-36.9579,140.7383,10.89,59,80,4.09,AU,1722145533
392,ambon,-3.6954,128.1814,30.08,70,20,3.09,ID,1722145533
393,gokcebey,41.3058,32.1423,19.69,70,0,1.07,TR,1722145533
394,puerto baquerizo moreno,-0.9,-89.6,19.28,83,60,3.21,EC,1722145534
395,novyy urengoy,66.0833,76.6333,24.54,53,3,8.71,RU,1722145534
396,saint-philippe,-21.3585,55.7679,24.77,68,14,3.71,RE,1722145534
397,nuriootpa,-34.4833,139.0,11.42,52,83,3.65,AU,1722145535
398,lodja,-3.4833,23.4333,23.39,43,35,0.71,CD,1722145535
399,bubaque,11.2833,-15.8333,26.8,86,98,6.61,GW,1722145535
400,brody,50.0879,25.1503,22.81,65,51,4.29,UA,1722145536
401,praia da vitoria,38.7333,-27.0667,23.2,88,75,1.61,PT,1722145536
402,ulcinj,41.9294,19.2244,28.12,42,0,1.91,ME,1722145536
403,alotau,-10.3069,150.4462,26.81,63,94,2.36,PG,1722145537
404,mirny,62.5353,113.9611,26.75,48,82,1.19,RU,1722145537
405,burang,30.25,81.1667,16.43,61,75,2.25,CN,1722145537
406,ixtapa,20.7,-105.2,28.57,65,40,4.63,MX,1722145538
407,imbituba,-28.24,-48.6703,20.48,95,98,1.82,BR,1722145538
408,jamestown,42.097,-79.2353,17.8,83,0,0.89,US,1722145538
409,sao raimundo nonato,-9.0153,-42.6994,22.17,53,33,3.99,BR,1722145539
410,vilyuysk,63.7553,121.6247,25.26,34,13,1.89,RU,1722145539
411,el sauzal de rodriguez,31.9,-116.6833,19.12,71,16,1.35,MX,1722145540
412,borgarnes,64.5383,-21.9206,11.0,92,99,2.45,IS,1722145540
413,puttalam,8.0362,79.8283,29.28,73,97,10.67,LK,1722145541
414,jiuquan,39.7432,98.5174,34.56,13,100,5.73,CN,1722145557
415,capayan,-28.761,-66.0502,14.33,69,0,0.72,AR,1722145558
416,rajmahal,25.05,87.8333,33.85,62,100,4.69,IN,1722145558
417,yuzhno-kurilsk,44.0306,145.8556,16.45,93,100,4.31,RU,1722145558
418,bangui,4.3612,18.555,23.38,90,100,0.56,CF,1722145559
419,lagunillas,10.1301,-71.2595,27.68,84,79,3.25,VE,1722145559
420,ulanhot,46.0833,122.0833,26.35,64,91,4.19,CN,1722145559
421,bamboo flat,11.7,92.7167,28.86,76,100,8.69,IN,1722145560
422,lihue,21.9789,-159.3672,24.77,83,100,7.2,US,1722145346
423,al hasakah,36.5024,40.7477,33.8,21,0,5.94,SY,1722145560
424,toma,12.7667,-2.8833,25.62,78,97,3.54,BF,1722145561
425,gabes,33.8815,10.0982,24.98,88,40,4.12,TN,1722145561
426,floro,61.5996,5.0328,14.98,77,40,3.09,NO,1722145561
427,meadow lakes,61.6247,-149.6011,15.93,76,40,0.0,US,1722145569
428,atherton,53.5237,-2.4935,13.01,93,6,0.75,GB,1722145574
429,hadibu,12.65,54.0333,26.83,78,75,8.98,YE,1722145576
430,al mijlad,11.0333,27.7333,25.49,72,100,3.87,SD,1722145582
431,san luis de la loma,17.2706,-100.8939,26.76,87,93,1.55,MX,1722145583
432,kerikeri,-35.2268,173.9474,13.84,82,4,1.84,NZ,1722145583
433,vilyuchinsk,52.9306,158.4028,17.15,85,81,3.39,RU,1722145587
434,malanje,-9.5402,16.341,15.43,63,24,1.15,AO,1722145588
435,northam,51.0333,-4.2167,12.03,97,1,2.74,GB,1722145588
436,nouadhibou,20.931,-17.0347,20.66,89,4,7.32,MR,1722145597
437,pitea,65.3172,21.4794,19.05,68,84,0.97,SE,1722145608
438,mount isa,-20.7333,139.5,21.87,24,31,6.17,AU,1722145608
439,xiongzhou,25.1167,114.3,27.38,90,100,0.51,CN,1722145609
440,katsuren-haebaru,26.3369,127.8719,33.01,74,40,7.72,JP,1722145609
441,ryotsu-minato,38.0833,138.4333,26.95,84,98,5.47,JP,1722145609
442,tyumen,57.1522,65.5272,15.05,100,100,4.0,RU,1722145610
443,villa gesell,-37.2639,-56.973,3.92,56,26,4.02,AR,1722145610
444,ambanja,-13.6833,48.45,25.96,54,12,0.21,MG,1722145611
445,richards bay,-28.783,32.0377,16.99,29,0,2.69,ZA,1722145611
446,brenham,30.1669,-96.3977,24.88,64,0,1.54,US,1722145612
447,dhidhdhoo,6.8833,73.1,28.76,81,100,7.27,MV,1722145612
448,brooks,50.5834,-111.8851,13.35,80,100,2.06,CA,1722145612
449,nandgaon,20.3167,74.65,23.87,91,100,6.15,IN,1722145613
450,flin flon,54.7682,-101.865,12.05,97,26,2.64,CA,1722145616
451,luorong,24.4058,109.6086,25.26,95,100,1.23,CN,1722145617
452,severnoye,56.3491,78.3619,23.42,58,100,3.77,RU,1722145630
453,soio,-6.1349,12.3689,20.63,89,65,2.29,AO,1722145630
454,orai,25.9833,79.4667,36.96,46,82,7.0,IN,1722145631
455,port moresby,-9.4431,147.1797,28.68,65,40,7.72,PG,1722145631
456,alakurtti,66.9672,30.3491,14.84,50,100,3.11,RU,1722145631
457,marco island,25.9363,-81.7157,26.13,96,70,1.45,US,1722145632
458,chernyshevsk,52.5243,117.0174,32.4,25,47,3.78,RU,1722145632
459,alice springs,-23.7,133.8833,16.75,34,0,6.17,AU,1722145632
460,salekhard,66.53,66.6019,20.47,52,100,11.19,RU,1722145379
461,darwin,-12.4611,130.8418,32.25,45,40,3.09,AU,1722145633
462,umred,20.85,79.3333,25.16,95,100,5.75,IN,1722145634
463,shache,38.4167,77.2406,38.8,11,2,2.33,CN,1722145634
464,phaphund,26.6,79.4667,35.97,48,98,6.58,IN,1722145635
465,ostroda,53.6967,19.9649,17.67,97,100,1.64,PL,1722145635
466,harstad,68.799,16.5293,14.34,97,100,2.42,NO,1722145635
467,tamanrasset,22.785,5.5228,24.95,18,3,2.06,DZ,1722145636
468,lincoln,40.8,-96.667,23.34,82,33,2.68,US,1722145636
469,hotan,37.0997,79.9269,38.91,9,5,3.62,CN,1722145636
470,nyandoma,61.669,40.1991,19.29,39,0,1.7,RU,1722145637
471,at taj,24.2049,23.2857,30.27,21,85,5.01,LY,1722145637
472,saint-joseph,-21.3667,55.6167,24.21,63,6,3.34,RE,1722145638
473,ta`u,-14.2336,-169.5144,25.48,66,100,7.9,AS,1722145638
474,gangapur,26.4833,76.7167,34.39,59,93,3.62,IN,1722145639
475,cabo san lucas,22.8909,-109.9124,32.61,51,12,3.13,MX,1722145458
476,groningen,53.25,6.75,17.24,94,10,2.06,NL,1722145379
477,prince rupert,54.3161,-130.3201,13.83,97,100,1.03,CA,1722145504
478,shimo-furano,43.35,142.3833,23.22,98,100,1.85,JP,1722145640
479,jakobstad,63.6749,22.7026,17.24,90,75,2.53,FI,1722145640
480,hojo,33.9766,132.7777,33.6,53,75,2.57,JP,1722145640
481,coari,-4.085,-63.1414,26.86,57,83,1.31,BR,1722145641
482,dubbo,-32.25,148.6167,10.07,57,40,7.72,AU,1722145641
483,birobidzhan,48.8,132.95,23.21,93,100,1.97,RU,1722145643
484,medina,24.4686,39.6142,35.24,16,0,4.12,SA,1722145656
485,bonthe,7.5264,-12.505,24.17,94,100,3.32,SL,1722145657
486,poplar bluff,36.757,-90.3929,23.94,63,0,0.0,US,1722145657
487,barcelos,41.5388,-8.6151,22.18,79,0,1.05,PT,1722145658
488,jaisalmer,26.9147,70.9181,34.89,48,96,3.98,IN,1722145659
489,sedrata,36.1287,7.5338,25.0,39,0,1.42,DZ,1722145659
490,lorengau,-2.0226,147.2712,27.53,79,98,2.54,PG,1722145663
491,trnava,48.3774,17.5872,25.68,39,99,1.46,SK,1722145669
492,shingu,33.7333,135.9833,33.73,55,100,1.82,JP,1722145675
493,kyren,51.6828,102.1408,27.22,56,68,1.88,RU,1722145675
494,greymouth,-42.4667,171.2,11.28,91,84,3.49,NZ,1722145676
495,n'zeto,-7.2312,12.8666,20.95,88,92,4.59,AO,1722145676
496,kiunga,-6.1219,141.2906,26.29,77,89,1.7,PG,1722145676
497,saraktash,51.7866,51.7866,24.21,35,11,8.29,RU,1722145677
498,tobruk,32.0836,23.9764,27.62,60,0,4.62,LY,1722145677
499,quatre cocos,-20.2078,57.7625,24.49,65,11,5.38,MU,1722145677
500,mount pearl,47.5166,-52.7813,14.42,91,40,7.72,CA,1722145678
501,dingcheng,32.1272,115.0394,31.93,69,100,5.13,CN,1722145678
502,pokrov,55.92,39.1769,22.14,63,10,2.74,RU,1722145678
503,ballina,-28.8667,153.5667,20.99,40,4,1.19,AU,1722145679
504,tateyama,34.9833,139.8667,28.65,78,96,3.68,JP,1722145679
505,bomdila,27.25,92.4,19.48,66,100,3.04,IN,1722145679
506,naze,28.3667,129.4833,30.51,74,13,4.42,JP,1722145680
507,horta,38.5333,-28.6333,23.34,91,0,0.89,PT,1722145680
508,ozu,33.5,132.55,33.43,64,100,2.06,JP,1722145681
509,tofol,5.3248,163.0078,26.88,94,100,2.57,FM,1722145681
510,kindu,-2.95,25.95,24.03,35,2,1.18,CD,1722145681
511,lubliniec,50.669,18.6844,22.41,77,100,5.38,PL,1722145682
512,petropavlovsk-kamchatsky,53.0452,158.6483,16.33,63,75,8.0,RU,1722145682
513,tinaquillo,9.9186,-68.3047,22.04,98,67,0.98,VE,1722145683
514,vila franca do campo,37.7167,-25.4333,21.23,99,12,1.06,PT,1722145683
515,sosnovka,56.255,51.2842,17.38,53,83,4.68,RU,1722145683
516,osakarovka,50.565,72.5692,23.23,43,16,6.12,KZ,1722145684
517,along,28.1667,94.7667,33.73,51,69,1.49,IN,1722145684
518,villa mercedes,-33.6757,-65.4578,5.57,65,78,4.55,AR,1722145684
519,mont-roig del camp,41.75,1.1833,23.95,53,27,2.48,ES,1722145685
520,atbara,17.7022,33.9864,29.2,59,74,8.72,SD,1722145685
521,nova vicosa,-17.8919,-39.3719,21.86,85,1,3.09,BR,1722145686
522,igarka,67.4667,86.5833,23.28,45,26,4.17,RU,1722145686
523,general salgado,-20.6483,-50.3606,17.55,38,0,1.93,BR,1722145687
524,afaahiti,-17.75,-149.2833,23.93,86,17,10.41,PF,1722145687
525,el oued,33.3561,6.8632,26.83,74,0,5.66,DZ,1722145687
526,ipua,-20.4381,-48.0122,18.35,49,0,1.97,BR,1722145688
527,qarazhal,48.0078,70.7903,27.45,28,11,5.07,KZ,1722145688
528,udomlya,57.8794,34.9925,18.65,86,100,2.81,RU,1722145688
529,benalla,-36.55,145.9833,9.67,56,39,6.22,AU,1722145689
530,okhotsk,59.3833,143.3,14.71,65,91,2.32,RU,1722145689
531,acapulco de juarez,16.8634,-99.8901,28.9,70,100,2.06,MX,1722145479
532,trenggalek,-8.05,111.7167,30.94,66,80,4.18,ID,1722145690
533,neiafu,-18.65,-173.9833,23.38,68,40,3.6,TO,1722145690
534,libreville,0.3925,9.4537,23.63,83,100,3.82,GA,1722145690
535,polessk,54.862,21.1028,19.03,93,100,2.06,RU,1722145691
536,mermoz boabab,14.7065,-17.4758,26.88,78,40,4.12,SN,1722145691
537,ketchikan,55.3422,-131.6461,13.26,100,100,2.06,US,1722145691
538,nishinoomote,30.7333,131.0,32.31,66,75,3.09,JP,1722145692
539,dakoro,14.5106,6.765,25.89,68,100,4.55,NE,1722145692
540,borogontsy,62.6683,131.1683,26.9,28,2,1.93,RU,1722145692
541,qingdao,36.0986,120.3719,31.78,79,20,6.0,CN,1722145524
542,eureka,40.8021,-124.1637,14.55,90,27,1.34,US,1722145693
543,qarauyl,48.9451,79.255,28.85,44,89,5.31,KZ,1722145693
544,kodinsk,58.6881,99.1844,28.61,44,0,2.66,RU,1722145694
545,kapuskasing,49.4169,-82.4331,22.05,60,20,5.14,CA,1722145694
546,mareeba,-17.0,145.4333,25.8,58,87,2.99,AU,1722145694
547,vila velha,-20.3297,-40.2925,21.64,90,0,1.34,BR,1722145695
548,taoudenni,22.6783,-3.9836,35.03,11,0,3.58,ML,1722145695
549,kingisepp,59.3733,28.6134,19.84,77,67,1.45,RU,1722145695
550,shenjiamen,29.9576,122.298,28.03,84,6,8.32,CN,1722145696
551,jian'ou,27.0469,118.3253,33.53,56,89,1.85,CN,1722145697
552,miri,4.4148,114.0089,36.08,52,40,2.57,MY,1722145697
553,haciqabul,40.0408,48.9445,27.07,46,97,8.77,AZ,1722145697
554,mana,5.6592,-53.7767,24.28,92,22,3.87,GF,1722145698
555,kilju,40.9642,129.3278,29.16,80,98,2.52,KP,1722145698
556,mangrol,21.1167,70.1167,27.98,88,100,7.52,IN,1722145698
557,chhota udepur,22.3167,74.0167,29.11,78,100,5.06,IN,1722145699
558,kenora,49.8167,-94.4337,24.54,83,75,4.12,CA,1722145699
559,la passe,45.5549,-0.8967,19.13,85,14,5.13,FR,1722145699
560,binuangan,8.9153,124.7883,27.46,70,92,3.69,PH,1722145700
561,i-n-salah,27.1935,2.4607,33.73,15,0,7.89,DZ,1722145700
562,mandera,3.9366,41.867,27.7,46,49,6.63,KE,1722145700
563,tongliao,43.6125,122.2653,31.38,57,94,3.73,CN,1722145701
564,driefontein,-27.0177,30.4498,11.37,15,65,6.88,ZA,1722145701
565,zaysan,47.4667,84.8667,36.84,17,49,3.1,KZ,1722145701
566,urbana,40.1106,-88.2073,22.72,87,40,2.06,US,1722145702
567,seosan,36.7817,126.4522,27.72,84,100,8.41,KR,1722145702
568,burutu,5.3509,5.5076,24.56,87,100,3.53,NG,1722145702
569,ulladulla,-35.35,150.4667,12.65,39,62,6.4,AU,1722145703
570,suoyarvi,62.0833,32.35,20.29,73,82,0.94,RU,1722145711
571,betio village,1.358,172.9211,30.02,72,39,6.27,KI,1722145449
572,seka,17.9285,103.9552,28.63,77,100,2.0,TH,1722145726
573,szentgotthard,46.9526,16.2736,25.97,66,3,0.75,HU,1722145731
574,brisas de zicatela,15.8369,-97.0419,26.72,85,100,2.93,MX,1722145732
575,kolonia town,6.964,158.206,26.0,89,100,0.0,FM,1722145734
576,ujae,8.9322,165.7642,25.73,92,100,4.63,MH,1722145763
577,kaka,37.3482,59.6143,35.73,26,19,7.7,TM,1722145800
578,papao,-17.75,-149.55,24.82,83,14,11.11,PF,1722145802
579,nasir,15.5894,32.5634,27.74,63,70,6.56,SD,1722145805
580,sal rei,16.1833,-22.9167,24.95,88,29,5.47,CV,1722145806
581,sao vicente,-23.9631,-46.3919,23.48,64,10,1.31,BR,1722145807
582,grootfontein,-19.5667,18.1167,6.76,14,0,1.54,NA,1722145808
583,yelizovo,53.1873,158.3805,17.08,63,75,8.0,RU,1722145810
584,zhosaly,45.4878,64.0781,27.95,23,23,4.93,KZ,1722145813
585,thanh hoa,19.8,105.7667,33.67,68,100,0.83,VN,1722145815
586,xinyuan,37.3,99.0,14.21,55,100,1.21,CN,1722145815
